segment_num,segment_size,hit_throughput,miss_throughput,hit_downloadTime,miss_downloadTime
1	169	5672.548259	6331.152137	0.238341	0.213547
2	169	6603.534037	6124.566104	0.204739	0.220750
3	169	7459.757802	7057.312762	0.181239	0.191574
4	169	6800.622424	6608.875089	0.198805	0.204573
5	169	6646.279841	6279.162403	0.203422	0.215315
6	169	6459.088946	7079.648094	0.209317	0.190970
7	169	5967.065237	6176.471750	0.226577	0.218895
8	169	6629.845367	7308.326996	0.203926	0.184994
