segment_num,segment_size,hit_throughput,miss_throughput,hit_downloadTime,miss_downloadTime
1	169	6946.125787	6600.328938	0.194641	0.204838
2	169	10859.039482	7315.388555	0.124505	0.184816
3	169	6451.850336	6593.629047	0.209552	0.205046
4	169	9685.390029	6941.517285	0.139592	0.194770
5	169	6969.997072	7094.182122	0.193974	0.190579
6	169	6202.379373	6481.472939	0.217981	0.208595
7	169	4676.444763	6739.367205	0.289109	0.200612
8	169	7449.585539	7018.938907	0.181487	0.192622
