segment_num,segment_size,hit_throughput,miss_throughput,hit_downloadTime,miss_downloadTime
1	169	7072.381338	8387.429293	0.191166	0.161194
2	169	7677.891897	5795.445983	0.176090	0.233287
3	169	6910.379656	5806.436064	0.195648	0.232845
4	169	6681.354025	7527.909581	0.202354	0.179598
5	169	7133.546946	6390.283243	0.189527	0.211571
6	169	6857.341358	6122.833527	0.197161	0.220813
7	169	6640.372714	6096.778468	0.203603	0.221756
8	169	6048.848842	5955.709485	0.223514	0.227009
