segment_num,segment_size,hit_throughput,miss_throughput,hit_downloadTime,miss_downloadTime
1	169	7298.769927	7337.851540	0.185237	0.184250
2	169	5998.778186	7502.581930	0.225379	0.180205
3	169	6778.041146	6592.609524	0.199468	0.205078
4	169	6173.042704	7803.485138	0.219017	0.173256
5	169	6148.385525	6707.258924	0.219895	0.201573
6	169	6853.023790	6771.331553	0.197285	0.199665
7	169	6585.061079	5888.166668	0.205313	0.229613
8	169	6667.927586	5990.008385	0.202762	0.225709
