segment_num,segment_size,hit_throughput,miss_throughput,hit_downloadTime,miss_downloadTime
1	169	6489.520782	7436.172860	0.208336	0.181814
2	169	2254.860478	6243.317345	0.599594	0.216552
3	169	6086.184570	6338.001873	0.222142	0.213316
4	169	6124.625637	8377.318448	0.220748	0.161388
5	169	6042.789835	6287.105713	0.223738	0.215043
6	169	8271.630504	6572.726903	0.163450	0.205698
7	169	6330.346427	5980.955071	0.213574	0.226051
8	169	6436.537556	7722.328680	0.210051	0.175077
