segment_num,segment_size,hit_throughput,miss_throughput,hit_downloadTime,miss_downloadTime
1	169	7151.097827	6112.214848	0.189062	0.221196
2	169	6737.437485	5902.409914	0.200670	0.229059
3	169	7080.054696	6510.957622	0.190959	0.207650
4	169	6359.467494	6236.471723	0.212596	0.216789
5	169	6507.557945	6571.256911	0.207758	0.205745
6	169	6509.059342	6985.391624	0.207711	0.193547
7	169	3270.186157	7510.451761	0.413432	0.180016
8	169	7752.830060	7654.314649	0.174388	0.176632
