segment_num,segment_size,hit_throughput,miss_throughput,hit_downloadTime,miss_downloadTime
1	169	6882.526010	6941.185913	0.196440	0.194779
2	169	6021.940746	6660.158847	0.224512	0.202998
3	169	6068.079318	7881.378346	0.222805	0.171544
4	169	7464.372883	7376.058481	0.181127	0.183296
5	169	6470.003204	6899.558711	0.208964	0.195955
6	169	5543.920631	5442.051226	0.243871	0.248436
7	169	5599.578758	5941.357551	0.241447	0.227557
8	169	7132.739399	6708.480874	0.189548	0.201536
