segment_num,segment_size,hit_throughput,miss_throughput,hit_downloadTime,miss_downloadTime
1	169	6698.480339	7812.741890	0.201837	0.173051
2	169	6292.247185	6871.009378	0.214868	0.196769
3	169	6754.474744	6370.054558	0.200164	0.212243
4	169	6445.433692	6779.969880	0.209761	0.199411
5	169	4999.104334	8527.969658	0.270448	0.158537
6	169	7185.412759	8006.872082	0.188159	0.168855
7	169	6775.287715	7537.655730	0.199549	0.179366
8	169	6980.318431	6723.195019	0.193687	0.201095
