segment_num,segment_size,hit_throughput,miss_throughput,hit_downloadTime,miss_downloadTime
1	169	7591.500452	6645.096017	0.178094	0.203458
2	169	6561.964746	6518.779136	0.206036	0.207401
3	169	6415.122673	6072.946706	0.210752	0.222627
4	169	6206.201067	8245.183281	0.217847	0.163975
5	169	6179.446673	6443.756472	0.218790	0.209816
6	169	5420.877852	7634.189695	0.249406	0.177098
7	169	7675.096513	6734.948898	0.176154	0.200744
8	169	5518.386035	7438.504150	0.244999	0.181757
