segNum	size	Hit	buffer	bIndex	bitrate	throughput	downloadT	rebufferT	vtype	qoe	time
1	939568	-1	3337	0	349272	1040528.668610	0.902972	0.902972	2	-0.090297	2144.000000
2	939568	-1	6674	2	980174	1040528.668610	0.902972	0.902972	2	0.899765	2144.000000
3	939568	-1	10011	2	980174	1040528.668610	0.902972	0.902972	2	0.905870	2144.000000
