segNum	size	Hit	buffer	bIndex	bitrate	throughput	downloadT	rebufferT	vtype	qoe	time
1	1403168	-1	4000	0	359786	5580403.596400	0.251446	0.251446	1	-0.025145	568.000000
2	10046504	-1	8000	4	2639365	5086006.818387	1.975323	1.975323	1	0.776273	569.000000
