segNum	size	Hit	buffer	bIndex	bitrate	throughput	downloadT	rebufferT	vtype	qoe	time
1	1478416	-1	4000	0	369604	929627.058124	1.590332	1.590332	4	-0.159033	3591.000000
2	2093192	-1	8000	1	608100	1069086.872173	1.957925	1.957925	4	0.714235	3592.000000
3	3542024	-1	5898	2	971804	580528.961086	6.101373	6.101373	4	0.923099	3598.000000
4	2059544	-1	4193	1	608100	361022.304690	5.704756	5.704756	4	0.911138	3603.000000
