segNum	size	Hit	buffer	bIndex	bitrate	throughput	downloadT	rebufferT	vtype	qoe	time
1	1126072	-1	4171	0	352635	4458837.162840	0.252548	0.252548	4	-0.025255	789.000000
2	1126072	-1	8342	4	2609729	4458837.162840	0.252548	0.252548	4	0.884773	789.000000
