segNum	size	Hit	buffer	bIndex	bitrate	throughput	downloadT	rebufferT	vtype	qoe	time
1	1493296	-1	4000	0	373324	2518368.316830	0.592962	0.592962	1	-0.059296	2312.000000
2	6641696	-1	8000	3	1826406	2862228.973966	2.320463	2.320463	1	0.741759	2314.000000
