segNum	size	Hit	buffer	bIndex	bitrate	throughput	downloadT	rebufferT	vtype	qoe	time
1	1488368	-1	4000	0	372092	1810466.403160	0.822091	0.822091	2	-0.082209	1066.000000
2	1488368	-1	8000	2	981698	1810466.403160	0.822091	0.822091	2	0.907853	1066.000000
