segNum	size	Hit	buffer	bIndex	bitrate	throughput	downloadT	rebufferT	vtype	qoe	time
1	1419128	-1	4000	0	359485	1509706.293710	0.940003	0.940003	2	-0.094000	3596.000000
2	3384240	-1	8000	2	992943	1396794.529400	2.422862	2.422862	2	0.747776	3598.000000
3	3260080	-1	9830	2	992943	1503018.562707	2.169022	2.169022	2	0.996167	3600.000000
4	3458888	-1	11371	2	992943	1406540.636216	2.459145	2.459145	2	0.996167	3602.000000
